cluster,keyword,volume,kd,cpc,aio,target_url,note
asl,sign language alphabet,110000,50,0.40,no,/worksheets/asl-alphabet-chart/,head of the whole section - missed in the 15.08 measurement
asl,asl alphabet,90500,31,0.78,no,/worksheets/asl-alphabet-chart/,second head
asl,sign language signs alphabet,22200,60,0.40,yes,/worksheets/asl-alphabet-chart/,
asl,alphabet in sign language,12100,53,0.35,yes,/worksheets/asl-alphabet-chart/,
asl,american sign language alphabet,9900,48,0.64,no,/worksheets/asl-alphabet-chart/,
asl,alphabet sign language,8100,50,0.50,no,/worksheets/asl-alphabet-chart/,
asl,abc sign language,9900,25,0.63,yes,/worksheets/asl-alphabet-chart/,
asl,asl alphabet chart,8100,23,0.65,no,/worksheets/asl-alphabet-chart/,
asl,asl letters,6600,39,2.81,no,/worksheets/asl-alphabet-chart/,
asl,sign language letters,6600,48,0.40,no,/worksheets/asl-alphabet-chart/,
asl,asl abc,4400,37,0.78,no,/worksheets/asl-alphabet-chart/,
asl,alphabet in asl,4400,52,0.78,no,/worksheets/asl-alphabet-chart/,
asl,sign alphabet,3600,63,1.40,yes,/worksheets/asl-alphabet-chart/,
asl,sign language chart,2400,27,0.58,no,/worksheets/sign-language-charts/,hub keyword
asl,sign language alphabet chart,2400,19,0.34,no,/worksheets/asl-alphabet-chart/,best volume-to-KD ratio in the section
asl,alphabets in american sign language,1900,42,0.64,yes,/worksheets/asl-alphabet-chart/,
asl,letter sign language alphabet,1900,23,0.38,no,/worksheets/asl-alphabet-chart/,
asl,american sign language letters,1900,55,0.38,no,/worksheets/asl-alphabet-chart/,
asl,the alphabet in sign language,1600,65,0.47,yes,/worksheets/asl-alphabet-chart/,
asl,sign language letters of alphabet,1600,41,1.30,yes,/worksheets/asl-alphabet-chart/,
asl,sign launguage alphabet,1600,54,0.40,no,/worksheets/asl-alphabet-chart/,misspelling
asl,american sign language alphabet chart,1300,38,0.62,no,/worksheets/asl-alphabet-chart/,
asl,asl chart,1600,30,0.77,no,/worksheets/asl-alphabet-chart/,
asl,american sign language chart,1300,24,0.77,no,/worksheets/asl-alphabet-chart/,
asl,asl sign language chart,1300,16,0.77,no,/worksheets/asl-alphabet-chart/,cheap entry
asl,sign language alphabet asl,1300,48,0.40,no,/worksheets/asl-alphabet-chart/,
asl,abc sign language chart,1300,26,0.34,no,/worksheets/asl-alphabet-chart/,
asl,american sign language abc,1300,64,0.64,yes,/worksheets/asl-alphabet-chart/,
asl,asl sign language alphabet,880,54,0.47,yes,/worksheets/asl-alphabet-chart/,
asl,chart of sign language alphabet,720,40,0.34,no,/worksheets/asl-alphabet-chart/,
asl,asl sign alphabet chart,720,23,0.57,no,/worksheets/asl-alphabet-chart/,
printable,printable asl alphabet chart,480,11,0.00,no,/worksheets/asl-alphabet-chart/,lowest KD in section
printable,alphabet sign language chart,480,16,0.34,no,/worksheets/asl-alphabet-chart/,
printable,printable alphabet for sign language,480,24,2.21,no,/worksheets/asl-alphabet-chart/,two reports disagree - KD 24-27 CPC 2.21-4.58
printable,sign language alphabet printable,390,12,2.21,no,/worksheets/asl-alphabet-chart/,cheap entry
printable,sign language alphabet pdf,390,16,1.60,no,/worksheets/asl-alphabet-chart/,
printable,asl alphabet printable,390,19,4.66,no,/worksheets/asl-alphabet-chart/,highest CPC in section
printable,printable sign language alphabet,390,22,4.58,no,/worksheets/asl-alphabet-chart/,
printable,abc sign language printable,390,25,4.58,no,/worksheets/asl-alphabet-chart/,
printable,printable sign language alphabet,320,18,1.98,no,/worksheets/asl-alphabet-chart/,
printable,sign language alphabet pdf,320,17,4.61,no,/worksheets/asl-alphabet-chart/,
printable,alphabet in sign language pdf,260,14,1.95,no,/worksheets/asl-alphabet-chart/,cheap entry
printable,abc alphabet sign language,260,16,1.02,no,/worksheets/asl-alphabet-chart/,
printable,alphabet sign language printable,210,16,2.21,no,/worksheets/asl-alphabet-chart/,
printable,asl alphabet flash cards,140,15,0.80,no,/worksheets/asl-alphabet-flashcards/,
bsl,british sign language alphabet,720,26,0.69,no,/worksheets/bsl-alphabet-chart/,two-handed alphabet - separate artifact
bsl,english sign language alphabet,720,48,0.67,no,/worksheets/bsl-alphabet-chart/,
bsl,england sign language alphabet,590,23,0.69,yes,/worksheets/bsl-alphabet-chart/,
bsl,alphabet british sign language,480,26,0.67,no,/worksheets/bsl-alphabet-chart/,
bsl,alphabet sign language bsl,480,23,0.67,no,/worksheets/bsl-alphabet-chart/,
bsl,alphabet in sign language british,390,20,0.69,no,/worksheets/bsl-alphabet-chart/,
bsl,alphabet in sign language bsl,390,35,0.69,no,/worksheets/bsl-alphabet-chart/,
bsl,alphabet sign language british,390,21,0.69,no,/worksheets/bsl-alphabet-chart/,
bsl,sign language bsl alphabet,390,18,0.00,no,/worksheets/bsl-alphabet-chart/,
bsl,bsl sign language alphabet,320,17,0.67,no,/worksheets/bsl-alphabet-chart/,cheapest entry on the BSL axis
bsl,alphabet in british sign language,210,19,0.69,yes,/worksheets/bsl-alphabet-chart/,
spanish,spanish sign language alphabet,590,36,0.00,yes,/worksheets/spanish-sign-language-alphabet/,all three Spanish keys have AIO - build last
spanish,spanish alphabet in sign language,480,31,0.00,yes,/worksheets/spanish-sign-language-alphabet/,
spanish,sign language alphabet spanish,260,27,0.00,yes,/worksheets/spanish-sign-language-alphabet/,
numbers,sign language numbers,5400,25,1.64,yes,/worksheets/sign-language-numbers-chart/,
numbers,numbers in sign language,3600,22,1.64,yes,/worksheets/sign-language-numbers-chart/,
numbers,asl numbers,6600,29,2.13,no,/worksheets/sign-language-numbers-chart/,competitor holds position 3 with a raw PDF
numbers,numbers in asl,4400,19,2.13,no,/worksheets/sign-language-numbers-chart/,
numbers,american sign language numbers,1300,27,1.46,no,/worksheets/sign-language-numbers-chart/,
numbers,american sign language numbers 1-100,1000,43,0.00,yes,/worksheets/sign-language-numbers-chart/,
numbers,american sign language numbers 1-20,880,39,0.00,yes,/worksheets/sign-language-numbers-chart/,
numbers,numbers asl,1300,19,2.13,no,/worksheets/sign-language-numbers-chart/,
numbers,american sign language numbers 1 30,390,35,0.00,no,/worksheets/sign-language-numbers-chart/,
numbers,sign language numbers 1 100,390,21,0.00,no,/worksheets/sign-language-numbers-chart/,
numbers,sign language for numbers,320,30,4.63,no,/worksheets/sign-language-numbers-chart/,high CPC
numbers,sign language numbers 1 10,110,21,0.00,no,/worksheets/sign-language-numbers-chart/,
numbers,american sign language alphabet and numbers,170,25,0.00,no,/worksheets/asl-alphabet-chart/,combined chart intent
killed,how to sign X in asl,15050,,,92%,,DO NOT BUILD - one-cell intent, AIO 92 percent, Image only 21 percent
