url,keywords,est_traffic_month,sum_volume,keywords_in_top3
/name-tracing-worksheet-practice/,1049,48342,465650,714
/,1339,30270,430910,778
/alphabet-formation-tracing-worksheet-preschool/,1417,8655,354560,194
/cursive-name-tracing-worksheets-doodle/,748,3966,205920,124
/numbers-tracing-practice-worksheet-1-20/,384,1743,74760,45
/word-tracing-practice-worksheet/,274,1218,59300,56
/free-100-counting-chart-skip-couting/,45,687,22610,29
/1-100-number-tracing-worksheet-pack/,483,561,98090,15
/seasons-name-tracing-worksheet/,489,514,160510,93
/name-playdough-mat/,58,427,6180,41
/category/tracing/,622,309,194120,3
/numbers-tracing-worksheet-1-20/,241,209,57770,9
/days-of-the-week-tracing-worksheet-english/,31,180,4500,16
/name-tracing-pack-worksheets/,609,126,160260,33
/chart-fraction-strips/,37,106,7030,7
/bubble-a-z-tracing-worksheet/,22,81,5240,5
/free-desk-name-tag-card/,111,73,19830,3
/i-know-my-colors-coloring-page/,35,68,6560,11
/letter-box-word-copy-trace/,119,66,17500,7
/blog/free-handwriting-practice-worksheets/,371,51,127670,0
/editable-printable-primary-story-writing-paper/,58,48,5460,15
/free-flashcard-maker-template-page/,325,40,132140,6
/blog/rainbow-name-tracing-practice/,14,28,2200,4
/blog/,17,28,9440,8
/alphabet-look-trace-copy/,91,27,29590,5
/blog/editable-my-name-collage-activity/,15,25,2030,1
/search/?query=Name,455,8,129740,0
/search/?query=trace,9,7,1300,0
/name-picture-worksheet/,21,5,4990,0
/alphabet-letter-chart/,7,3,1420,0
/rainbow-name-tracing-worksheet/,11,2,960,0
/blog/playdough-mat-name-forming-practice/,7,2,600,1
/name-tracing-booklet/,192,1,72150,0
/address-phone-number-tracing-worksheet/,16,1,2190,0
/blog/editable-name-outline-sticker-practice/,1,1,50,1
/christmas-tree-advent-calendar-printable/,10,0,1460,0
/letter-tracing-images-worksheet/,140,0,72760,0
/search/?query=name%20tracing,7,0,1930,0
/search/?query=name%20tracing%20practice,31,0,10700,0
/holiday-name-tracing-worksheets/,7,0,1100,0
/category/math/,9,0,1830,0
/category/alphabet/,14,0,2920,2
/search/?query=cursive,47,0,6340,0
/blog/should-2-year-olds-use-printable-worksheets/,2,0,90,0
/diploma-certificate-generator/,6,0,290,0
/login,1,0,70,0
/newest-to-oldest/,1,0,50,1
/blog/editable-alternative-name-tracing-with-paint/,2,0,130,0
