url,keywords,est_traffic_month,traffic_share_pct,licensed_character
https://mondaymandala.com/coloring-pages/,3770,89851,6.65,no
https://mondaymandala.com/,1105,72976,5.40,no
https://mondaymandala.com/hello-kitty-coloring-pages/,788,23237,1.72,YES
https://mondaymandala.com/spider-man-coloring-pages/,623,21451,1.58,YES
https://mondaymandala.com/spongebob-coloring-pages/,447,19280,1.42,YES
https://mondaymandala.com/minecraft-coloring-pages/,575,16801,1.24,YES
https://mondaymandala.com/pikachu-coloring-pages/,470,15296,1.13,YES
https://mondaymandala.com/paw-patrol-coloring-pages/,496,14422,1.06,YES
https://mondaymandala.com/lilo-stitch-coloring-pages/,570,14422,1.06,YES
https://mondaymandala.com/super-sonic-coloring-pages/,568,12974,0.96,YES
