subject,draw_volume,coloring_volume,combined,licensed_character,wave
cat,93360,35620,128980,no,wave-1
dog,86530,20960,107490,no,wave-1
dragon,71200,25900,97100,no,wave-1
christmas,6380,90370,96750,no,wave-1
flower,63630,32140,95770,no,wave-1
hello kitty,22590,71840,94430,YES,
stitch,41850,38970,80820,YES,
rose,71900,3790,75690,no,wave-1
unicorn,19580,42320,61900,no,wave-1
pokemon,11280,45990,57270,YES,
butterfly,40690,15080,55770,no,wave-1
sonic,13920,41800,55720,YES,
horse,38650,16890,55540,no,wave-1
dinosaur,23590,30440,54030,no,wave-1
bunny,42150,11660,53810,no,wave-1
halloween,3370,49380,52750,no,wave-1
turkey,37510,14190,51700,no,wave-1
bluey,8070,42000,50070,YES,
kpop demon hunters,4100,45820,49920,YES,
car,30990,15740,46730,no,wave-1
princess,7820,34320,42140,no,wave-1
flowers,23850,17770,41620,no,wave-1
spiderman,9300,31630,40930,YES,
shark,29960,10110,40070,no,wave-1
christmas tree,30030,9910,39940,no,wave-1
anime,24470,15240,39710,no,wave-1
pumpkin,27580,11410,38990,no,wave-1
bird,29930,8580,38510,no,wave-1
fish,30810,7690,38500,no,wave-1
frog,29090,8510,37600,no,wave-1
labubu,9010,28460,37470,YES,
puppy,15070,21420,36490,no,wave-2
turtle,26820,9500,36320,no,wave-2
tree,32600,3700,36300,no,wave-2
minecraft,6500,28810,35310,YES,
lion,27450,7580,35030,no,wave-2
mickey mouse,19320,15700,35020,YES,
monkey,27570,6800,34370,no,wave-2
spongebob,14090,19690,33780,no,wave-2
mario,7890,25520,33410,YES,
heart,17000,16000,33000,no,wave-2
animal,7100,25040,32140,no,wave-2
animals,17480,14000,31480,no,wave-2
wolf,22660,8420,31080,no,wave-2
tiger,24370,6010,30380,no,wave-2
fox,20850,9140,29990,no,wave-2
bear,20750,8990,29740,no,wave-2
grinch,15550,13400,28950,no,wave-2
rabbit,19040,9620,28660,no,wave-2
girl,18320,9810,28130,no,wave-2
cow,20820,6880,27700,no,wave-2
penguin,19470,7100,26570,no,wave-2
eye,24310,1590,25900,no,wave-2
mermaid,7850,17810,25660,no,wave-2
axolotl,9080,16570,25650,no,wave-2
elephant,18510,7100,25610,no,wave-2
house,17220,7480,24700,no,wave-2
snake,16730,7700,24430,no,wave-2
dolphin,17950,6280,24230,no,wave-2
spider man,11910,12020,23930,YES,
airplane,19830,4090,23920,no,wave-2
santa,13870,9820,23690,no,wave-2
deer,19100,4500,23600,no,wave-2
football,13090,10380,23470,no,wave-2
pikachu,12420,10870,23290,YES,
goku,15930,7090,23020,YES,
snowflake,20120,2790,22910,no,wave-2
duck,17730,4910,22640,no,wave-2
kitty,4410,17480,21890,no,wave-2
star,19170,2600,21770,no,wave-2
kitten,5220,16310,21530,no,wave-2
rainbow,3360,18090,21450,no,wave-2
bow,17720,3700,21420,no,wave-2
elsa,3200,17980,21180,YES,
bat,17640,3400,21040,no,wave-2
people,17360,3220,20580,no,wave-2
panda,15890,4570,20460,no,wave-2
capybara,12420,7780,20200,no,wave-2
owl,13800,5820,19620,no,wave-2
kids,1920,17400,19320,no,wave-2
truck,11240,8010,19250,no,wave-2
food,4900,14300,19200,no,wave-2
skull,16500,2570,19070,no,wave-2
monster truck,1620,17220,18840,no,wave-2
chicken,14500,3780,18280,no,wave-2
beach,8920,8920,17840,no,wave-2
book,15500,2300,17800,no,wave-2
sonic the hedgehog,2770,15000,17770,YES,
godzilla,8690,8500,17190,no,wave-2
snoopy,7910,8940,16850,YES,
ice cream,5660,11020,16680,no,wave-3
ghost,11270,5170,16440,no,wave-3
whale,12930,3500,16430,no,wave-3
brain,14810,1590,16400,no,wave-3
jesus,9890,6410,16300,no,wave-3
plane,13500,2600,16100,no,wave-3
train,9400,6500,15900,no,wave-3
giraffe,11540,4290,15830,no,wave-3
naruto,8950,6800,15750,YES,
basketball,11720,3980,15700,no,wave-3
floral,9900,5790,15690,no,wave-3
star wars,2990,12400,15390,YES,
spider,12080,3200,15280,no,wave-3
roblox,2320,12900,15220,YES,
five nights at freddy's,1900,13300,15200,YES,
kuromi,3490,11700,15190,YES,
apple,9690,5500,15190,no,wave-3
cheetah,12870,1880,14750,no,wave-3
lightning mcqueen,2950,11700,14650,YES,
cake,10360,4220,14580,no,wave-3
snowman,8910,5590,14500,no,wave-3
earth,11090,3400,14490,no,wave-3
easter bunny,7700,6720,14420,no,wave-3
gojo,11280,2900,14180,no,wave-3
fairy,5330,8620,13950,no,wave-3
mushroom,6530,7370,13900,no,wave-3
batman,7610,6280,13890,YES,
volleyball,11180,2610,13790,no,wave-3
castle,10550,3200,13750,no,wave-3
harry potter,3110,10590,13700,YES,
moon,11690,2000,13690,no,wave-3
eagle,10580,2780,13360,no,wave-3
rumi,5280,7800,13080,no,wave-3
sunflower,9650,3200,12850,no,wave-3
sun,9790,3010,12800,no,wave-3
bee,8700,4000,12700,no,wave-3
strawberry,7400,5290,12690,no,wave-3
taylor swift,3100,9590,12690,no,wave-3
crown,10270,2120,12390,no,wave-3
cars,1900,10470,12370,no,wave-3
squirrel,8250,3890,12140,no,wave-3
skeleton,10070,2020,12090,no,wave-3
fnaf,1900,10120,12020,YES,
minnie mouse,2950,8980,11930,YES,
winnie the pooh,3790,7990,11780,YES,
santa claus,5450,6300,11750,no,wave-3
sea turtle,8460,3270,11730,no,wave-3
boat,9620,2020,11640,no,wave-3
leprechaun,8860,2780,11640,no,wave-3
minion,5170,6300,11470,no,wave-3
ocean,4560,6900,11460,no,wave-3
space,3730,7310,11040,no,wave-3
easyfor kids,8100,2900,11000,no,wave-3
sunset,7220,3780,11000,no,wave-3
cartoon,6300,4490,10790,no,wave-3
cats,4680,6080,10760,no,wave-3
elf,5070,5600,10670,no,wave-3
leaf,8310,2320,10630,no,wave-3
cool,2270,8190,10460,no,wave-3
67,4710,5700,10410,no,wave-3
cupcake,4150,6220,10370,no,wave-3
ariel,1520,8780,10300,no,wave-3
crab,7660,2500,10160,no,wave-3
dino,4620,5500,10120,no,wave-3
charizard,4100,6000,10100,no,wave-3
t rex,4380,5700,10080,no,wave-3
shoes,7900,2110,10010,no,wave-3
octopus,7110,2880,9990,no,wave-3
roses,7320,2500,9820,no,wave-3
monster,5680,4090,9770,no,wave-3
angel,6800,2960,9760,no,wave-3
jellyfish,5730,4000,9730,no,wave-3
baseball,3970,5680,9650,no,wave-3
shadow,3270,6300,9570,no,wave-3
mickey,2080,7480,9560,YES,
mouse,7250,2300,9550,no,wave-3
birthday cake,5970,3580,9550,no,wave-3
reindeer,6560,2880,9440,no,wave-3
toothless,4920,4500,9420,no,wave-3
iron man,6200,3200,9400,no,wave-3
sheep,6580,2620,9200,no,wave-3
easter egg,1520,7600,9120,no,wave-3
robot,5230,3880,9110,no,wave-3
pizza,4380,4680,9060,no,wave-3
ladybug,5580,3400,8980,no,wave-3
american flag,4520,4320,8840,no,wave-3
race car,2040,6800,8840,no,wave-3
teddy bear,6570,2200,8770,no,wave-3
spidey,5400,3200,8600,no,wave-3
hulk,2400,6120,8520,YES,
polar bear,6720,1780,8500,no,wave-3
parrot,6380,2110,8490,no,wave-3
baby,3500,4990,8490,no,wave-3
superhero,3310,5120,8430,no,wave-3
anime girl,5400,2900,8300,no,wave-3
lizard,5650,2600,8250,no,wave-3
alligator,5710,2500,8210,no,wave-3
demon slayer,1890,6300,8190,YES,
birds,4950,3180,8130,no,wave-3
elf on the shelf,2900,5200,8100,no,wave-3
gorilla,6310,1720,8030,no,wave-3
minions,1590,6440,8030,YES,
brainrot,3110,4900,8010,no,wave-3
fruit,2600,5400,8000,no,wave-3
ballerina,1910,6090,8000,no,wave-3
my melody,1900,6080,7980,YES,
dogs,4320,3520,7840,no,wave-3
money,5890,1890,7780,no,wave-3
dog man,3620,4080,7700,no,wave-3
cross,5420,2200,7620,no,wave-3
tractor,5020,2600,7620,no,wave-3
volcano,4530,3070,7600,no,wave-3
sea animals,2080,5490,7570,no,wave-3
seahorse,5820,1720,7540,no,wave-3
superman,2670,4800,7470,YES,
shoe,5110,2300,7410,no,wave-3
forest,4620,2790,7410,no,wave-3
farm,3480,3880,7360,no,wave-3
banana,4690,2660,7350,no,wave-3
valentine's day,1620,5710,7330,no,wave-3
school,4880,2400,7280,no,wave-3
plant,3940,3260,7200,no,wave-3
mountain,5160,2000,7160,no,wave-3
koala,3930,3200,7130,no,wave-3
italian brainrot,1600,5500,7100,no,wave-3
fire truck,2210,4880,7090,no,wave-3
gingerbread man,3600,3380,6980,no,wave-3
phone,3920,3060,6980,no,wave-3
dinosaurs,2880,4080,6960,no,wave-3
motorcycle,3540,3400,6940,no,wave-3
lilo,1600,5300,6900,YES,
donut,2080,4800,6880,no,wave-3
werewolf,2670,4200,6870,no,wave-3
landscape,5210,1620,6830,no,wave-3
titanic,2320,4500,6820,no,wave-3
shadow the hedgehog,2180,4600,6780,no,wave-3
captain america,2750,4000,6750,no,wave-3
among us,1900,4800,6700,YES,
cinnamoroll,1600,5090,6690,YES,
bug,2180,4500,6680,no,wave-3
bunny rabbit,3780,2900,6680,no,wave-3
deadpool,4110,2480,6590,no,wave-3
panda bear,3470,3100,6570,no,wave-3
crocodile,4020,2500,6520,no,wave-3
venom,1900,4590,6490,no,wave-3
books,4790,1690,6480,no,wave-3
stitch and angel,1900,4480,6380,YES,
trex,3480,2880,6360,no,wave-3
flamingo,4330,2000,6330,no,wave-3
puppy dog,1920,4390,6310,no,wave-3
pig,3900,2400,6300,no,wave-3
ronaldo,2900,3400,6300,no,wave-3
darth vader,2080,4220,6300,no,wave-3
boy,3380,2900,6280,no,wave-3
dragons,3920,2300,6220,no,wave-3
four leaf clover,3220,2900,6120,no,wave-3
candy,2370,3720,6090,no,wave-3
lamborghini,3280,2710,5990,no,wave-3
messi,3170,2810,5980,no,wave-3
ghostface,4190,1780,5970,no,wave-3
zebra,4210,1710,5920,no,wave-3
pooh bear,2620,3290,5910,YES,
ninja turtle,1690,4200,5890,YES,
watermelon,3090,2780,5870,no,wave-3
boba,1690,4180,5870,no,wave-3
zombie,4240,1600,5840,no,wave-3
cactus,4230,1600,5830,no,wave-3
astronaut,3450,2300,5750,no,wave-3
how to train your dragon,2120,3600,5720,no,wave-3
gingerbread house,2280,3400,5680,no,wave-3
caterpillar,3740,1880,5620,no,wave-3
horses,2220,3370,5590,no,wave-3
sloth,3990,1590,5580,no,wave-3
family,2380,3200,5580,no,wave-3
witch,3840,1720,5560,no,wave-3
coraline,1590,3880,5470,no,wave-3
wolves,2320,3120,5440,no,wave-3
pooh,2990,2400,5390,YES,
kirby,2080,3280,5360,YES,
bunnies,1600,3710,5310,no,wave-3
hummingbird,3410,1890,5300,no,wave-3
mario characters,3600,1600,5200,YES,
seashell,3600,1600,5200,no,wave-3
peacock,3440,1710,5150,no,wave-3
hamster,3250,1890,5140,no,wave-3
hedgehog,2770,2320,5090,no,wave-3
shrek,2210,2880,5090,YES,
rocket,3220,1760,4980,no,wave-3
cat in the hat,1680,3280,4960,no,wave-3
pirate,2910,1990,4900,no,wave-3
rocket ship,2100,2770,4870,no,wave-3
tyrannosaurus rex,1790,3080,4870,no,wave-3
dress,3040,1720,4760,no,wave-3
creeper,2800,1910,4710,no,wave-3
bumblebee,1790,2900,4690,no,wave-3
cinnamon roll,1780,2900,4680,no,wave-3
orca,2800,1720,4520,no,wave-3
garden,1920,2600,4520,no,wave-3
makeup,1550,2960,4510,no,wave-3
miles morales,1620,2780,4400,no,wave-3
spaceship,1780,2610,4390,no,wave-3
german shepherd,2780,1600,4380,no,wave-3
haunted house,2600,1780,4380,no,wave-3
black panther,1890,2480,4370,no,wave-3
golden retriever,2540,1780,4320,no,wave-3
chicken jockey,2320,1990,4310,no,wave-3
candy cane,1690,2620,4310,no,wave-3
dragonfly,2700,1590,4290,no,wave-3
mexican flag,2640,1620,4260,no,wave-3
fishing,1550,2600,4150,no,wave-3
hippo,2210,1910,4120,no,wave-3
helicopter,2390,1720,4110,no,wave-3
lebron james,2080,2020,4100,no,wave-3
tails,1600,2500,4100,no,wave-3
dirt bike,2080,2020,4100,no,wave-3
characters,2490,1590,4080,no,wave-3
burger,2560,1520,4080,no,wave-3
superheroes,2180,1900,4080,no,wave-3
pennywise,2400,1590,3990,no,wave-3
4 leaf clover,1600,2340,3940,no,wave-3
shamrock,1990,1920,3910,no,wave-3
jack skellington,1620,2290,3910,no,wave-3
sharks,2290,1600,3890,no,wave-3
teacher,1920,1960,3880,no,wave-3
yoshi,2020,1780,3800,YES,
graffiti,2190,1600,3790,no,wave-3
indominus rex,2190,1590,3780,no,wave-3
usa,1600,2180,3780,no,wave-3
squirtle,1590,2100,3690,no,wave-3
orange,2080,1600,3680,no,wave-3
patrick star,2080,1590,3670,no,wave-3
scarecrow,1590,2070,3660,no,wave-3
dachshund,2020,1600,3620,no,wave-3
goofy,1800,1800,3600,YES,
michael jackson,1690,1720,3410,no,wave-3
character,1780,1600,3380,no,wave-3
cookie,1600,1760,3360,no,wave-3
