keyword,volume,kd,cpc,ai_overview,image_pack,target_url,recommendation
asl alphabet,74000,46,0.64,no,yes,/worksheets/asl-alphabet-chart/,LATER-highKD
asl alphabet chart,8100,12,0.57,no,yes,/worksheets/asl-alphabet-chart/,BUILD
alphabet asl,8100,57,0.4,yes,no,/worksheets/asl-alphabet-chart/,SKIP-AIO
alphabet in asl,4400,49,0.64,no,no,/worksheets/asl-alphabet-chart/,LATER-highKD
baby sign language chart,2400,32,0.0,no,yes,/worksheets/baby-sign-language-chart/,BUILD
sign language alphabet chart,2400,19,0.34,no,yes,/worksheets/asl-alphabet-chart/,BUILD
sign language chart,2400,28,0.48,no,yes,/worksheets/sign-language-charts/,BUILD
sign alphabet asl,1900,52,0.4,yes,no,/worksheets/asl-alphabet-chart/,SKIP-AIO
abc sign language chart,1300,26,0.34,no,yes,/worksheets/asl-alphabet-chart/,BUILD
american sign language alphabet chart,1300,38,0.62,no,yes,/worksheets/asl-alphabet-chart/,BUILD
american sign language chart,1300,24,0.77,no,yes,/worksheets/sign-language-charts/,BUILD
asl sign language chart,1300,16,0.77,no,yes,/worksheets/sign-language-charts/,BUILD
asl alphabet letters,1300,28,0.38,no,yes,/worksheets/asl-alphabet-chart/,BUILD
sign language alphabet asl,1300,48,0.4,no,yes,/worksheets/asl-alphabet-chart/,LATER-highKD
asl sign alphabet,1000,61,0.47,no,no,/worksheets/asl-alphabet-chart/,LATER-highKD
asl sign language alphabet,880,54,0.47,yes,yes,/worksheets/asl-alphabet-chart/,SKIP-AIO
asl sign alphabet chart,720,17,0.62,no,yes,/worksheets/asl-alphabet-chart/,BUILD
chart of sign language alphabet,720,40,0.34,no,yes,/worksheets/asl-alphabet-chart/,BUILD
the alphabet in asl,720,46,0.46,yes,no,/worksheets/asl-alphabet-chart/,SKIP-AIO
asl alphabet poster,590,13,0.0,no,yes,/worksheets/asl-alphabet-poster/,BUILD
infant sign language chart,590,47,0.17,no,yes,/worksheets/baby-sign-language-chart/,LATER-highKD
asl alphabet flashcards,480,15,0.5,no,yes,/worksheets/asl-alphabet-flashcards/,BUILD
asl alphabet signs,480,57,0.48,no,no,/worksheets/asl-alphabet-chart/,LATER-highKD
printable asl alphabet chart,480,19,0.0,no,yes,/worksheets/asl-alphabet-chart/,BUILD
alphabet sign language chart,480,16,0.34,no,yes,/worksheets/asl-alphabet-chart/,BUILD
asl alphabet printable,390,19,4.66,no,yes,/worksheets/asl-alphabet-chart/,BUILD
asl chart alphabet,390,30,0.62,no,yes,/worksheets/asl-alphabet-chart/,BUILD
abc in sign language chart,390,39,0.54,yes,yes,/worksheets/asl-alphabet-chart/,SKIP-AIO
asl alphabet posters,320,16,0.0,no,yes,/worksheets/asl-alphabet-poster/,BUILD
asl american sign language alphabet,320,52,0.56,yes,yes,/worksheets/asl-alphabet-chart/,SKIP-AIO
free printable asl alphabet,320,28,1.75,no,yes,/worksheets/asl-alphabet-chart/,BUILD
asl manual alphabet,260,44,0.0,no,yes,/worksheets/asl-alphabet-chart/,LATER-highKD
free asl alphabet chart,260,24,0.0,no,yes,/worksheets/asl-alphabet-chart/,BUILD
alphabet in sign language chart,210,24,0.4,no,yes,/worksheets/asl-alphabet-chart/,BUILD
sign language letters chart,210,33,0.39,no,yes,/worksheets/asl-alphabet-chart/,BUILD
asl alphabet chart printable,210,17,0.0,no,yes,/worksheets/asl-alphabet-chart/,BUILD
asl alphabet chart free,170,20,0.0,no,yes,/worksheets/asl-alphabet-chart/,BUILD
asl alphabet pdf,170,16,0.0,no,yes,/worksheets/asl-alphabet-chart/,BUILD
american sign language abc chart,170,16,0.0,no,yes,/worksheets/asl-alphabet-chart/,BUILD
letter sign language chart,170,30,1.52,no,yes,/worksheets/asl-alphabet-chart/,BUILD
sign language chart letters,170,21,1.52,no,yes,/worksheets/asl-alphabet-chart/,BUILD
sign language number chart,170,8,0.0,no,yes,/worksheets/sign-language-numbers-chart/,BUILD
asl alphabet flash cards,140,16,0.8,no,yes,/worksheets/asl-alphabet-flashcards/,BUILD
asl alphabet printable free,140,15,1.75,no,yes,/worksheets/asl-alphabet-chart/,BUILD
american sign language alphabet printable chart,140,22,0.0,no,yes,/worksheets/asl-alphabet-chart/,BUILD
american sign language colors chart,140,22,0.0,yes,yes,/worksheets/sign-language-colors-chart/,SKIP-AIO
american sign language fingerspelling chart,140,53,0.0,yes,yes,/worksheets/asl-alphabet-chart/,SKIP-AIO
sign language charts,140,20,0.4,no,yes,/worksheets/sign-language-charts/,BUILD
number sign language chart,110,39,0.0,no,yes,/worksheets/sign-language-numbers-chart/,BUILD
sign language abc chart,110,8,0.0,yes,yes,/worksheets/asl-alphabet-chart/,SKIP-AIO
sign language chart words,110,35,0.0,no,yes,/worksheets/basic-sign-language-words-chart/,BUILD
sign language for infants chart,110,43,0.17,yes,yes,/worksheets/baby-sign-language-chart/,SKIP-AIO
sign language hand chart,110,47,0.0,no,yes,/worksheets/sign-language-charts/,LATER-highKD
sign language words chart,110,36,0.0,no,yes,/worksheets/basic-sign-language-words-chart/,BUILD
alphabet asl chart,110,50,0.0,no,yes,/worksheets/asl-alphabet-chart/,LATER-highKD
american sign language alphabet chart printable,90,22,0.0,no,yes,/worksheets/asl-alphabet-chart/,BUILD
basic sign language chart,90,49,0.0,no,yes,/worksheets/sign-language-charts/,LATER-highKD
colors in sign language chart,90,18,0.0,no,yes,/worksheets/sign-language-colors-chart/,BUILD
